{"cameraMode":{"drawMode":0,"name":"Shaded","section":"Shading Mode"},"sceneLighting":true,"audioPlay":false,"sceneViewState":{"showFog":true,"showMaterialUpdate":false,"showSkybox":true,"showFlares":true,"showImageEffects":true,"showParticleSystems":true},"in2DMode":false,"pivot":{"x":6.139664173126221,"y":58.71149444580078,"z":9.340205192565918},"rotation":{"x":-0.17816250026226045,"y":-0.33678174018859866,"z":0.06504635512828827,"w":-0.9223496317863464},"size":4.151761531829834,"orthographic":false}