{"cameraMode":{"drawMode":0,"name":"Shaded","section":"Shading Mode"},"sceneLighting":false,"audioPlay":false,"sceneViewState":{"showFog":true,"showMaterialUpdate":false,"showSkybox":false,"showFlares":true,"showImageEffects":true,"showParticleSystems":true},"in2DMode":false,"pivot":{"x":-0.00014510750770568848,"y":89.45812225341797,"z":-0.20054006576538087},"rotation":{"x":-0.09417136758565903,"y":-0.877711832523346,"z":0.19287507236003877,"w":-0.4285440444946289},"size":1.4517616033554078,"orthographic":false}